id,query,source,author,text,created_ts,engagement_score
1rcfqsb,iPhone 15,reddit,hiromixoxo,IPHONE 15 SHOPEE VIP MONDAY Nakita nyo po ba magkano nag sale ung iphone 15 kaninang 8PM? nakalimutan ko kasi icheck e. Thank you,2026-02-23T12:08:44,6.0
1rcfjsf,iPhone 15,reddit,honey-bisous,"Best camera settings to prevent light reflection Hello, I work in as a social media content creator, and have noticed when taking photos and filming videos in bright places with my iPhone that have a lot of stark lighting, there will often be a reflection of light on my camera. I’m just wondering what would be the best settings to prevent this for happening? I have an iPhone 15 Pro 😊 (Picture attached as an example)",2026-02-23T11:58:58,5.0
1rceipf,iPhone 15,reddit,Own_Alternative_6023,"ikinci el iphone 15 Merhaba, 

Araya bir cenazem girdi telefonumu satamadım bir türlü.

Yeşil Iphone 15, 128gb. 351 dongude 88 pil. 13 ay Vatan Bilgisayar Cevizlibağ şubesinden garanti, fatura, kutusu duruyor. Orijinal şarj adaptörü ve kablosu da dahildir. DM’den fotoğraf da gönderebilirim. 38.000 tl.

Kredi kartı borcumu ödemek için satıyorum o sırada eski xiaomi note 9uma geri döneceğim. İstanbul avrupa yakasına elden teslim edebilirim.",2026-02-23T11:02:28,1.0
157d05d7653e17b685e0c4016b935579a2f49730,iPhone 15,google_news,publisher,"iPhone 15 in 2026: Still Worth It vs Newer iPhones? - AD HOC NEWS <a href=""https://news.google.com/rss/articles/CBMirAFBVV95cUxNbWdfWV9UT0JkQTJBZ2hUdEdqWVUxWDNDWnVjWFRWMHQyN1AwTURON0dHdUVneVVzdWdEaXBwM1FDSlpMaUdQbjNfRktGbENrdXRVdFE3Zk9uWXBQYmkzQTZoaF9Dd2hkd2ZjLXVudkR0T3Rhd2hjdVFOTmJDcWhfdTZWQzRKWE1zQkZxVU8tM056cDJjejJHZFhhVWFUbzJJZ19DTVd2VUM5MVFT?oc=5"" target=""_blank"">iPhone 15 in 2026: Still Worth It vs Newer iPhones?</a>&nbsp;&nbsp;<font color=""#6f6f6f"">AD HOC NEWS</font>",2026-02-23T12:33:35.773597,1.0
42c3c2a3cacecd993b8e8f56cad781f1fd37944f,iPhone 15,google_news,publisher,"USB C To HDMI Adapter 2-in-1 With 100W Charging - For IPhone 15/16, MacBook, 4K 60Hz Video Output - umlconnector.com <a href=""https://news.google.com/rss/articles/CBMimgFBVV95cUxQUHdfOG5qZHpjZWtJZDcwVnQtSG9vVW5yYWdBRWN4N0NfUFdtRmpkZEdqQ1Z0OEVxOFRFTV9POVdHdGEyckR2NzJfOHlxeFczaERUek5HYnRzUkJqSG9qQUJLcndWUk1Cc3Y2eC1BdGdpbmJDaTJsSUlhMWNONnEtWkwzbDRLOWJzSzlVX0I2NWhXWTN1TThPVXR3?oc=5"" target=""_blank"">USB C To HDMI Adapter 2-in-1 With 100W Charging - For IPhone 15/16, MacBook, 4K 60Hz Video Output</a>&nbsp;&nbsp;<font color=""#6f6f6f"">umlconnector.com</font>",2026-02-23T12:33:35.773597,1.0
1b14905783a9878462df1db680ca82118b246308,iPhone 15,google_news,publisher,"The iPhone 15 Is Still One of Our Favorite Phones and Now’s a Great Time to Nab One for Less - CNET <a href=""https://news.google.com/rss/articles/CBMiXEFVX3lxTE9ZOWdMMGxjRVA3R1RKWkhlX0s1LUMzX0JzYVJzeFF4eENULXQwQWVna2IzeTExT1QwQV9iZEl5MUREVEtiTEkxeE9USkF4ZVpXY1NtdzNXcEVjWkNK?oc=5"" target=""_blank"">The iPhone 15 Is Still One of Our Favorite Phones and Now’s a Great Time to Nab One for Less</a>&nbsp;&nbsp;<font color=""#6f6f6f"">CNET</font>",2026-02-23T12:33:35.773597,1.0
348a131d51460943f639e26d7c9e2f46a0139bdd,iPhone 15,google_news,publisher,"Deals: 1TB M4 MacBook Air rare $200 off, iPhone 15 Pro for $539, 40% off Sport Band, M5 iPad Pro lows, more - 9to5Mac <a href=""https://news.google.com/rss/articles/CBMiiwFBVV95cUxPOVJwWnJKblBoU0VZQ3duX2llUGVaV3pSV3EtV2RmVEoySWk1UzFtNk1qaEdpZFNVTTFfN2dwUzNubDR5THpQVUxwMUpGSWpZMkhIN1RsekpOTDZiWE01aUFiZmo4WmYxZTJLWE5sSHFPbEsxT251SmFMNG1MOV81SHN0UVY5dkhWYUln?oc=5"" target=""_blank"">Deals: 1TB M4 MacBook Air rare $200 off, iPhone 15 Pro for $539, 40% off Sport Band, M5 iPad Pro lows, more</a>&nbsp;&nbsp;<font color=""#6f6f6f"">9to5Mac</font>",2026-02-23T12:33:35.773597,1.0
49b12bd54c7e429bd9b3d1cf4b09e5abe58da5d7,iPhone 15,google_news,publisher,"iPhone 15 price drop alert, check details here - India Today <a href=""https://news.google.com/rss/articles/CBMitAFBVV95cUxNSGdNd0prUGdsekVrb3czRU01cWpIbi1ZTWw1YnVaVVZmT0FpejFxS3BHZ1lzXzFpcDBFQlU5dzFOTU9tcEVmcUVCVjJHcVlKTGxabFF4UlVzMzA2eEhhN3NXUGZSeF81aGZ4Q1gyb29seWpRVzE3cUM0Z2pKallqWC01VkJjR3p6NExwOXJRU2lDdHdrVXhRTnB6X253MzQ1VXBaSGJHVTBRU212eXpZTy1yTEPSAbQBQVVfeXFMTUhnTXdKa1BnbHpFa293M0VNNXFqSG4tWU1sNWJ1WlVWZk9BaXoxcUtwR2dZc18xaXAwRUJVOXcxTk1PbXBFZnFFQlYyR3FZSkxsWmxReFJVczMwNnhIYTdzV1BmUnhfNWhmeENYMm9vbHlqUVcxN3FDNGdqSmpZalgtNVZCY0d6ejRMcDlyUVNpQ3R3a1V4UU5wel9udzM0NVVwWkhiR1UwUVNtdnl6WU8tckxD?oc=5"" target=""_blank"">iPhone 15 price drop alert, check details here</a>&nbsp;&nbsp;<font color=""#6f6f6f"">India Today</font>",2026-02-23T12:33:35.773597,1.0
400af8387906ff6e8d4de7c11b1b1012a6fe30fc,iPhone 15,google_news,publisher,"IPhone 15 Pro Availability: Buy It Now? - thedetroitbureau.com <a href=""https://news.google.com/rss/articles/CBMimgFBVV95cUxPU1NYWXhsazlhQmVoQnVCa19tSTZoNmdSanViM3pQT21ydnhRM0l0emRQZHNWWmtlYWpIU25nbnVrekV5MnNSRHg2TlNQR1NGcFNMSmN1Vk04ZU1LVHk5N0FFSjNmZU5hUkVSdEQ1Sk1QMlctWDZkQ0Z6TlR2UHdxVWppeWJnMll4NmhZVTY5c19UMVZJWjRTME9n?oc=5"" target=""_blank"">IPhone 15 Pro Availability: Buy It Now?</a>&nbsp;&nbsp;<font color=""#6f6f6f"">thedetroitbureau.com</font>",2026-02-23T12:33:35.773597,1.0
2bc3ebe7fbfff4b9198f838ea26f6223afbee6f6,iPhone 15,google_news,publisher,"iPhone 15: Should You Buy? Advice, Features, Ordering - MacRumors <a href=""https://news.google.com/rss/articles/CBMiV0FVX3lxTE40Rm1CQ2dZejZCT0hUZm10d3cxUUVRbHZBWnBVRl85eUlVZTNMaVRubjZyakFJR1lIaFExTVJlU2NRZkFndFd5Uk0ya1BBdzNMUG45dTZoSQ?oc=5"" target=""_blank"">iPhone 15: Should You Buy? Advice, Features, Ordering</a>&nbsp;&nbsp;<font color=""#6f6f6f"">MacRumors</font>",2026-02-23T12:33:35.773597,1.0
dfc7cecae863e53b7c2341434fb038d473dc2d6e,iPhone 15,google_news,publisher,"IPhone 15 Pro Max IBox Second: Price & Buying Guide - thedetroitbureau.com <a href=""https://news.google.com/rss/articles/CBMirgFBVV95cUxQZVQxWlBvOGxIUmxCVFdCeUlDVzFPVGxvUXBvbzJIajlzcjRYcTBLZzM3TnpGMmpicDBEanRZSG04NmtPMUlPN3ZwXy0xelhlT2ExLUhEVFk4ZDVLblg0MzM2ZkF6bk5rb0xNaHB5WHg1OXJ4VlExOEE5WEwwei11Q21QNTM2VWQ2WTNVVkxDRUdGcTBiRnhVRUswNk9lS1dSalFpV0FUUm14MVFoR0E?oc=5"" target=""_blank"">IPhone 15 Pro Max IBox Second: Price & Buying Guide</a>&nbsp;&nbsp;<font color=""#6f6f6f"">thedetroitbureau.com</font>",2026-02-23T12:33:35.773597,1.0
41f1b5063c673ab9b405afe0873ae2d0654815f7,iPhone 15,google_news,publisher,"Carcasa Quad Lock Mag Quad Lock Phone Case - IPhone XR - Helmet House Iphone 15 Case Spigen - hotelier.com.py <a href=""https://news.google.com/rss/articles/CBMigwFBVV95cUxPeGdDSGgtZ1FpX0QwY21lNHc4OUZpcE1oNG5tZGxBaXEyOEtIVGFyeU9pUjMyRnYwWTU3NlRzbVVkMy1yWkFQeXdwVEZQcFBremQ3QUZzamdhQnlmYU5XdW5YeDJoV0hWdDNQOFY4NWkwYmp1SkNjM283SDRJNmwzMzlDVQ?oc=5"" target=""_blank"">Carcasa Quad Lock Mag Quad Lock Phone Case - IPhone XR - Helmet House Iphone 15 Case Spigen</a>&nbsp;&nbsp;<font color=""#6f6f6f"">hotelier.com.py</font>",2026-02-23T12:33:35.773597,1.0
6d171da288f525fbd678bb15250ae389ee07921d,iPhone 15,google_news,publisher,"I ditched my iPhone 15 Pro Max for the Pixel 9a for a week — here’s what happened - Tom's Guide <a href=""https://news.google.com/rss/articles/CBMiywFBVV95cUxNOEpsTXp4cGUxVkhmLUdSWkRqbm1aenZ1cU5pbVBRczZRT1ZnNDctdEstZzVncWl4d2R4QjJxQXdYUmdDWHVnSFB1UWFFSVdueXYzMEVhYkVOZi01MnFVNEdtRDc3MUtrY05vaVRIeVJiRGFNUnhjeV94YWZBS1Vxek1fRFk3ejJDdG9UbDdlS3VMd0xMZ2d3Q05LdTB5WmFKb2ZBbVRhaWJZMVRXV3Y2WDhNNXhDSVdySzNJZENadmtqM2ZlUnYxLVhERQ?oc=5"" target=""_blank"">I ditched my iPhone 15 Pro Max for the Pixel 9a for a week — here’s what happened</a>&nbsp;&nbsp;<font color=""#6f6f6f"">Tom's Guide</font>",2026-02-23T12:33:35.773597,1.0
c2ac1bb20eb79c0287140242243fae1235eb4d97,iPhone 15,google_news,publisher,"I've been using the iPhone 15 Pro Max for a year — here's why I don't plan on upgrading to the iPhone 17 Pro Max - Tom's Guide <a href=""https://news.google.com/rss/articles/CBMi4gFBVV95cUxOSnJ5SlcwNmYtVlNaSFlobU9uajFfN0QwUWtURnY5WTd3dk1jY0pKcjE0Qk91d1pibTY5R2R0ZTdlMVdBdWNZbUNzUWFETUxwbmswT0FHM3dXMHBJRzVTQjYzaUNGMXFjWjZETzZ2QVU4dzhlRVZRLURNMDhodnh5WFZKTG04YlJ3THhldkRRdkhfTjJTTW9Ba1ZRNk5XVjFHRkY2LVJ6RGE3bWEwWDN3amlGaU1FOFpOell6ZmNYaEJzVldzb3FlcXA0MFV4U09pN3ZWbmVjT2RuT3E4d0pPQy1n?oc=5"" target=""_blank"">I've been using the iPhone 15 Pro Max for a year — here's why I don't plan on upgrading to the iPhone 17 Pro Max</a>&nbsp;&nbsp;<font color=""#6f6f6f"">Tom's Guide</font>",2026-02-23T12:33:35.773597,1.0
a5c61f014f74394d3bfb943fbf60bdc011e43157,iPhone 15,google_news,publisher,"iPhone 17 Pro vs. iPhone 15 Pro: I compared both models, and here's why it's worth upgrading - ZDNET <a href=""https://news.google.com/rss/articles/CBMiugFBVV95cUxOdlBOd05LdVRtUzh4aFJQUlZKSVdzWnVnaVRQNG1WenlqR2pXZEgxNTJKc01uZ3JncWJfcHdZd1lEdG5feVJlSWRpaU02VlQyTG9MZkxGM09QMW1DS2QzUjFoMzVkcm82MlNNa0w3WmQ4U21rV3RSTzh2UmMwZ1NSNVQwNDhrSGJEdkpIVnhnSUdUTXc5eUhXWERDSTRMa0FRM0dHTER1WkhETWtYaXRjLTlLQ0tNbTBrTnc?oc=5"" target=""_blank"">iPhone 17 Pro vs. iPhone 15 Pro: I compared both models, and here's why it's worth upgrading</a>&nbsp;&nbsp;<font color=""#6f6f6f"">ZDNET</font>",2026-02-23T12:33:35.773597,1.0
6de3f0bac741de9db9f01e1d65ebb34ffde019d4,iPhone 15,google_news,publisher,"How does your old iPhone 15 compare to iPhone 17? Let's compare specs, screen size, and cameras. - Mashable <a href=""https://news.google.com/rss/articles/CBMif0FVX3lxTFAzTks0WmZ2ZUZiaHRuS0JHN09zeUxVRU9TWm5rUE9aZ1Zib0dGazV2VHZaRS1OY2tUNUZLaW1xbVNnSmlFb3RMZjl6WEJSd3pwSnBPNWswZi1adjlEUDV2VUtzYjhaOHZ2SWNMVGtUSzF2MGoybDRpc1ZZeXVWaEk?oc=5"" target=""_blank"">How does your old iPhone 15 compare to iPhone 17? Let's compare specs, screen size, and cameras.</a>&nbsp;&nbsp;<font color=""#6f6f6f"">Mashable</font>",2026-02-23T12:33:35.773597,1.0
6f3fe663ed9690ab8abd31e89aad468a799fd515,iPhone 15,google_news,publisher,"iPhone 17 vs iPhone 15 Pro: What’s more worthwhile? - 9to5Mac <a href=""https://news.google.com/rss/articles/CBMijwFBVV95cUxONDBWS3NnVEFvYmNBRkZacjBoM3NTWEFQSlpwdEhEMmNoMVpyUkNkMlpUS2NWejJKeTJEVGlzZTJ5TlRSb2Noa0k1bTh3d2FmUE0wS001SVdOZTBxc1N3N01ILXpaVnNHVnd5NFRwbWZsd0lpRDRIRXctWHl0OWtBZXEwTVJMM1dmY2dTRldnMA?oc=5"" target=""_blank"">iPhone 17 vs iPhone 15 Pro: What’s more worthwhile?</a>&nbsp;&nbsp;<font color=""#6f6f6f"">9to5Mac</font>",2026-02-23T12:33:35.773597,1.0
1rcg3qv,Samsung S24,reddit,CaroSchnapptZu,"LϟK für Samsung Galaxy S24 Ultra für Panzerglas mit 2 Stück HD-Hartglasfolie, [Auto-Installation] Kratzfest für Samsung S24 Ultra Schutzfoile, 0 Staub... -21 % 10,99 € 🔱【Industrie Nr. 1 Schutz】 2024 Neuer fortschrittlicher 9H-Displayschutz aus gehärtetem glas für Ihr Samsung galaxy S24 Ultra, speziell entwickelt, um kantenrisse zu verhindern, maximale abdeckung des telefons bei gleichzeitiger hüllenfreundlichkeit. Seien sie versichert, dass ihr S24 Ultra vor verse...",2026-02-23T12:27:22,1.0
1rcefla,Samsung S24,reddit,selasiie,Camera screen on Samsung This is what the camera looks like on my Samsung S24 Ultra. How do I extend the lower border of the camera screen ​to eliminate that useless ​band of darkness between the Capture button and ​the lower buttons ?,2026-02-23T10:57:45,2.0
1rc439b,Samsung S24,reddit,titaistired,"Iphone 15 or Samsung S24? Hello! I’ve been an apple user since pandemic and i currently have the ip11 sobrang full storage na and i’ve been thinking na mag samsung nalang. Hindi ako techy and habol ko lang din sa iphone is yung camera, pero ngayon gusto ko na mag upgrade ng phone. What do u think ang mas okay between the two? huhu thank you so much in advance!",2026-02-23T01:33:34,2.0
1rc3xx8,Samsung S24,reddit,titaistired,"Iphone 15 or Samsung S24 FE? Hello! I’ve been an apple user since pandemic and i currently have the ip11 sobrang full storage na and i’ve been thinking na mag samsung nalang. Hindi ako techy and habol ko lang din sa iphone is yung camera, pero ngayon gusto ko na mag upgrade ng phone. What do u think ang mas okay between the two? huhu thank you so much in advance!",2026-02-23T01:26:44,20.0
1rc1jju,Samsung S24,reddit,DealHarbor247,"INIU USB C Kabel, [3 Stück 2m+2m+0,5m] 3.1A Ladekabel USB C Nylon Geflochten Schnellladekabel, USB auf USB C Kabel für Samsung S24 S23 Ultra iPhone 16... -42 % 7,53 € ✅【Von INIU – Der Sichere Profi zum Schnellladen】Erleben Sie das sicherste Aufladen mit über 38 Millionen Nutzern weltweit.Bei INIU verwenden wir nur hochwertigste Materialien. Daher sind wir zuversichtlich, eine branchenführende 3-jährige service zu gewähren. Bei Qualitätsproblemen senden wir Ihnen ...",2026-02-22T23:42:12,1.0
1rbyyfa,Samsung S24,reddit,ema_l_b,"How do I have access to my neighbours household 😭 help pls Hey, I have a question about how something really weird on the smart things app.

I've had samsung phones for yeeears, but have never used the smartthings app as didn't really need to.

Just opened it for the first time in an absolute age as I've got some new wifi lights, so thought I'd at least have a look.

I thought it was just showing me examples of things you can add and do, as it has a robot vacuum on there, a soundbar that it says is a Galaxy S24, and other stuff I don't have.

Clicked on the camera as I thought it must've picked it up, and nope.

It's my next door neighbours phone, vacuum, and camera.

Like how is it doing that? We're on separate WiFi, and I've never joined onto anything of theirs as I've not even really spoken to them yet (moved on 5 months ago, but life has been lifing hard)

Anyone know how to disentangle it all? I don't want to reopen the app until I know how to do it, cos I don't want to risk accidentally turning any of their stuff off lol

Edit: I'm in the uk",2026-02-22T21:56:37,14.0
1rby724,Samsung S24,reddit,Fickle-Artichoke5878,"is s24fe worth considering ? well i had  samsung A34 before and hated the bezels , need a new one now , for me good ip rating is non negotiable as i have OCD and have this tendency to wash phones (thats how i messed up my old one) so is s24 fe worth getting , i saw youtube reviews and the bezels do look quite chucky , other than that the specs are decent for me",2026-02-22T21:27:00,3.0
1rbvegs,Samsung S24,reddit,CaroSchnapptZu,"25W USB C Ladegerät 2er-Pack Schnellladegerät mit 2m Ladekabel für iPhone 17/15/16 Serie, USB C Netzteil Stecker für Samsung Galaxy S26/S25/S24/S23/S2... -19 % 12,99 € 【25W Super-Schnellladungr】Samsung 25W USB-C Schnelladegerät mit PD 3.0 + PPS-Protokoll - speziell für Flaggschiff-Smartphones optimiert. Lädt das Galaxy S-Serie und der Ultra-Serie Handys in 30 Minuten zu 50% mit dauerhafter Hochgeschwindigkeitsladung.

【3-facher Sicherheitsschutz】 Integrierter intel...",2026-02-22T19:43:07,1.0
1rbuz2t,Samsung S24,reddit,Comfortable-Pilot524,"I've been really disappointed with the Xreal 1S. As the title says, I've had a big blow.We have tried with several models, the Nebula app doesn't work on the S25 Ultra, it was essential for 3D [etc.It](http://etc.It) only works in dex mode, where you see a desktop. And the Nebula app you could see as the meta quest 3 e We tested it with several Samsung and iPhone 17 phones. 

The app created by Xreal doesn't work on the S25 Ultra; it's not detected. And if you use the Nebula app, the sign says you no longer need this app As I said, the other one was special to me; you could see quest mode.Why would I want to see a DEX desktop if I can't see my AR Space or the other mode?We tried updating via the web interface, but it didn't work and wasn't detected. The idea behind these glasses was to watch movies, series, football, etc., but this has really annoyed me. As I said in the previous post, Nebula was abandoned. The Beam Pro 5G probably works, but its hardware and battery are poor. I'm sure I'll buy the Beam and the Nebula app will work, but I'd better stay put.Anyway, many will say wait for the new xreal app, but to tell you the truth, I'm not going to wait.Good luck to you all, I'm going to request a refund. 

As I said as a technician, 500 euros for something that doesn't work on the Nebula app for models S24 and S25. It doesn't have the battery optimization feature; it's disabled so it doesn't cut off power to the Xreal cards and the app.We restarted and nothing.",2026-02-22T19:26:54,32.0
1rbtn4f,Samsung S24,reddit,Antique-Bread9426,"How do i fix it guys please helppp So i bought samsung s24 in September 2025,
So the feed gets automatically refreshed on my social medias, like as you can see in the video too, i haven't done anything and it gets refreshed while watching reels too,idk how do i fix it.
For the first few months that is upto December or something, there was nothing wrong with instagram, snapchat and reddit but it is quite frustrating now, please help guyssss.

Now what should i do? Should i go to any samsung service centre? Would they help me?",2026-02-22T18:36:48,10.0
1rbtlul,Samsung S24,reddit,Antique-Bread9426,"How do i fix it guys please helppp How do i fix it guys please helppp



So i bought samsung s24 in September 2025,
So the feed gets automatically refreshed on my social medias, like as you can see in the video too, i haven't done anything and it gets refreshed while watching reels too,idk how do i fix it.
For the first few months that is upto December or something, there was nothing wrong with instagram, snapchat and reddit but it is quite frustrating now, please help guyssss.

Now what should i do? Should i go to any samsung service centre in Nagpur? Would they help me? Or which samsung service centre is good?",2026-02-22T18:35:33,18.0
1rbrvdf,Samsung S24,reddit,techstar2000,"[Amazon] 🔥INIU Wireless Charger, 15W Fast Wireless Charging Station with Sleep-Friendly Adaptive Light Compatible with iPhone 17 16 15 14 13 12 Pro Max Samsung Galaxy S25 S24 S23 Note 20 Google etc w/ 17% off + another 47% in cart, for $7.95",2026-02-22T17:31:44,1.0
1rbqwn8,Samsung S24,reddit,vedulalaaaa,"WTB Samsung S24 Ultra Hey redditors!

I’m looking to buy a Samsung S24 ultra.

Preferred device age 18 months.

Original box preferred.

Warranty optional.

Price around 60-62k.

People who’re interested in selling their S24U please comment and/or dm",2026-02-22T16:55:29,1.0
1rboba6,Samsung S24,reddit,buschic,"Samsung screwed over its most loyal, longtime fans.. I am a 31yr fan of Samsung Phones, since they introduced Note/Ultra, that’s what I have bought since… I most recently had a S25 Ultra, what an absolute piece of garbage, I sold it &amp; went back to my S24 Ultra, until late last year, when my beloved S24U died, Samsung didn’t want to honour my SCare+ &amp; tried screwing me around, all because the main motherboard fried itself, after under 2yrs of having it, (it was a Samsung official replacement device, after my first one came brand new with a dead screen) Samsung wanted ($375 to replace the motherboard)

This, added to the fact that google/samsung are severely lacking accessibility features, &amp; not really upgrading it.

I saw the specs of the iPhone 17 Pro Max, I know about the incredible accessibility features of iOS devices as well.

After buying almost every other NOTE/Ultra, device since the OG Note, I’d had enough BS, I wanted a 1+, (but didn’t want the hassle of getting it here), so with my love of android geekery &amp; my beloved Nova Launcher Prime, all but dead, I switched..

iPhone 17 Pro Max

2TB

SILVER

(It was actually cheaper to get that than replace my beloved S24 Ultra)

This phone is insane, it’s stood up to my abuse, using it as my laptop constantly, running it over with my 740lb power wheelchair, dropping it a lot, beating the hell out of it, it’s SOLID.

The accessibility features just destroy ANYTHING android can do, in so many ways.

I’m sad to see Samsung rely so heavily on AI, it means the when they start charging for the features (&amp; they will) that the devices are going to be so reliant on it, that they are going to be useless without the fancy AI &amp; the upcharges that will be demanded..

I always kept my AI features disabled or deleted, I don’t need all that fancy crap.

I only miss my S-Pen, being Bluetooth, I used it many times each day.

I am sure there are going to be many more people like me.

I still love Samsung, I’m done with the lacklustre design of recent devices..",2026-02-22T15:14:18,5.0
1rbnzif,Samsung S24,reddit,Ryuzaki_99,"Recently got s24 plus Hello 👋, I just got s24 plus and I’ve never used Samsung before, can you guys tell me the most interesting things and features on this device and more about how i can utilise this device most",2026-02-22T15:01:07,71.0
1rbm5pq,Samsung S24,reddit,Scared-Astronomer911,Samsung Galaxy s24 Ultra is it possible to bypass frp of this model for free? firmware is S928BXXS4CYK8,2026-02-22T13:42:06,1.0
b11a39ea43f9a7cc40c55bb1aca8b0fe5558416d,Samsung S24,google_news,publisher,"Samsung Galaxy S26 Plus vs Galaxy S24 Plus: Enough reasons to upgrade? - PhoneArena <a href=""https://news.google.com/rss/articles/CBMijAFBVV95cUxOZnJDTTViN0xOb0hUZnplSEpRbVZiRldRdW9FMVVScXZRMGlZTjdmLUgwZVAtb0hlZjljQXBjeTI5blFVQmRoQlBfN2JBZkg2cG9BUS13SW1pdWd3ZVU0UVFTOHNtNjYxemJSbkk4V052Z0E5T2NydkJ2R1Jzd0FaVDBQUmRmZUQ5MUI2TA?oc=5"" target=""_blank"">Samsung Galaxy S26 Plus vs Galaxy S24 Plus: Enough reasons to upgrade?</a>&nbsp;&nbsp;<font color=""#6f6f6f"">PhoneArena</font>",2026-02-23T12:33:39.395596,1.0
992818b18c2032ed5b24dfc75e47c9522d3aa531,Samsung S24,google_news,publisher,"Samsung Galaxy S24 Gets ₹30,000 Price Cut Ahead of Galaxy S26 Debut - The Bridge Chronicle <a href=""https://news.google.com/rss/articles/CBMipwFBVV95cUxPUWpJeDNCMTRFV2o4dHlMZUZ3V2Rfd1hjeVFZVHBZWHI2N0JpZWlJUVFwMkxkOTRmQXNpSUxDMzRnUTdFeXZUb1owNk56RzdrVFFYcktsNXBsNXpYWkhaOVY4d3hRbDhBSXBQNkIxbjRfbDRFSzhzejNlaTZQMXVCMG0yYUdQRm0tOURkSmZzbnV1LV9mdGhiOEcwMzZzYUxOSnVDTjB6c9IBtAFBVV95cUxNdUV0YU8wS1c5cm1JaFR6c1IzV0hXaFN5QXliaU83MGh0MUpPajNPSGttNTN1VUI0bWtudjlNQVZ1Rk5jNFNWaTJxTGNrazI3bkVCWkMzUk1YTzlrTndLeHBJZS1tZk9ZU0lMNDF1UVJCamdjVHpEdVFPVFlxb21uV1ZsdVBBazNyQ0Q0UmVRcjd5OThrNTEtLVRIck96RkhIQTUzanhuRnNpVGViV3lnck9mMGU?oc=5"" target=""_blank"">Samsung Galaxy S24 Gets ₹30,000 Price Cut Ahead of Galaxy S26 Debut</a>&nbsp;&nbsp;<font color=""#6f6f6f"">The Bridge Chronicle</font>",2026-02-23T12:33:39.395596,1.0
4491ca99ec080b1f6084f5f92d963539abec7d1e,Samsung S24,google_news,publisher,"Samsung Certified Re-Newed Now Includes Galaxy S24 Series - samsung.com <a href=""https://news.google.com/rss/articles/CBMijgFBVV95cUxNMXRZUDBZbFJWM2NEY1pXNWlUSWhnaHk0MWxYc19yTzR3ZTY0UUg5Y2UtUU9EeFdrQkZJR2V1Q25aU1VUV0ZZalZEUVhjbW8yZ2RDNFJnTFg0d1c5Nk5FQzBwQXJKemlsN3NuNWpTbEFKYnpZWE5abzEzNXl5eE5DTWp2NG1NVkVvTTA5eW13?oc=5"" target=""_blank"">Samsung Certified Re-Newed Now Includes Galaxy S24 Series</a>&nbsp;&nbsp;<font color=""#6f6f6f"">samsung.com</font>",2026-02-23T12:33:39.395596,1.0
936d39ea2bc522e42cea388f6abade9e2ccf6ee6,Samsung S24,google_news,publisher,"Samsung Galaxy S24 Review – the best small flagship smartphone? - Amateur Photographer <a href=""https://news.google.com/rss/articles/CBMic0FVX3lxTFB0aVp5dUJRc2k1U3NiMDFFOE9xSTlHamxMTFZzenBfWG45SHoxN3hXcnQwclBzb3djeTlPa0RWMzRMcnhidGxKMDdwVE1sWHZ3SDJINUxTZDlPTVR1VmF2MGtrZ214ZldBWVlOMWVGenZiRlE?oc=5"" target=""_blank"">Samsung Galaxy S24 Review – the best small flagship smartphone?</a>&nbsp;&nbsp;<font color=""#6f6f6f"">Amateur Photographer</font>",2026-02-23T12:33:39.395596,1.0
346ec7fd07347ee6fd64ba1267335276dcb98800,Samsung S24,google_news,publisher,"Don’t waste money — the Samsung Galaxy S24 Ultra still gets the job done - Android Police <a href=""https://news.google.com/rss/articles/CBMiggFBVV95cUxOLTdvNUFXWjhPY2JQZGFLM0pvTHh2Q2ZYdjZCb2E3Uy1CdEVJTDZtQVpIMWNiZjVKc28xVng2TFFVTE0tdDB5N0lHT2VBZl91cUxfOS0xZTR6TzVFSml5aTZ3cG5qQWV6YXRNVWJKNmZ4RFBFcmxMU042aUJyekk5SlhR?oc=5"" target=""_blank"">Don’t waste money — the Samsung Galaxy S24 Ultra still gets the job done</a>&nbsp;&nbsp;<font color=""#6f6f6f"">Android Police</font>",2026-02-23T12:33:39.395596,1.0
2e27e13f73a64db3628d81cb1f56baa45a44f8e6,Samsung S24,google_news,publisher,"Samsung Surprises Galaxy S25 And S24 Users With Android Update Decision - Forbes <a href=""https://news.google.com/rss/articles/CBMiwAFBVV95cUxQajl5TE10MzhsYzRMd0t6R1UxeEc3WWJsSnp0cnpOVHZaZkZ6eEtGZTFaRjUwSmM0RGNiWVlnd0pwb2hqSlB0enBjNnJubmNkbFRmZmNkUFBrU1FIaEJnUVdUSnJqWWhjLWx1cE5ud2ZSang4cWZYWmViQ2tEeENlNGdZb1dYV09vb1QzTXJzYXFFb1Z1OGg1TkJNUXduWVFFNWZxVkRyZmdOaDh4eUg2QzA4bGZJX3FaR3Z4V0J0NVE?oc=5"" target=""_blank"">Samsung Surprises Galaxy S25 And S24 Users With Android Update Decision</a>&nbsp;&nbsp;<font color=""#6f6f6f"">Forbes</font>",2026-02-23T12:33:39.395596,1.0
51fc42f4e1516fc3a369378cae82e8cbd1661e20,Samsung S24,google_news,publisher,"Samsung Galaxy S24 FE price drop alert - India Today <a href=""https://news.google.com/rss/articles/CBMirgFBVV95cUxPdDVuZWxDbi1FVXpNYnRfTy1sLVE2QWZJY3hFSjBwLWFrRjRYOWRfdlVBZXhrcmFUc3p1Y1I2aXRaRmVtRm5xZUJZaWt4SEt1c2lkVGdiVGdaLTBuenpza2h1cGhUTXRZMzJkWXQyUlExdEhKYzZlV2pKd292T3ozeU51Y3NQQkZmZnBWRGk2eXhaMWZmUEYxS1E0dmJKek51c3F6Rk9RUGZ3RWgzOVHSAa4BQVVfeXFMT3Q1bmVsQ24tRVV6TWJ0X08tbC1RNkFmSWN4RUowcC1ha0Y0WDlkX3ZVQWV4a3JhVHN6dWNSNml0WkZlbUZucWVCWWlreEhLdXNpZFRnYlRnWi0wbnp6c2todXBoVE10WTMyZFl0MlJRMXRISmM2ZVdqSndvdk96M3lOdWNzUEJGZmZwVkRpNnl4WjFmZlBGMUtRNHZiSnpOdXNxekZPUVBmd0VoMzlR?oc=5"" target=""_blank"">Samsung Galaxy S24 FE price drop alert</a>&nbsp;&nbsp;<font color=""#6f6f6f"">India Today</font>",2026-02-23T12:33:39.395596,1.0
3c99cb4cd4407b6b029a959aff8e32656a86e201,Samsung S24,google_news,publisher,"Samsung Galaxy S26 Ultra vs. Galaxy S24 Ultra: Foreseeing the future - Android Central <a href=""https://news.google.com/rss/articles/CBMingFBVV95cUxORlZHSTFrSWFsTGdGVFRPaWY0dDNqajFRdnVnTEZKWDAydHB6SjQ0VkhFRnlkaUhOcHY0ZTljTzZJaEhFTFlqSnVvb1pmcVk0emtZZG1RR1JhYmQ2MDRYVTdKZE9KTEpIS2tPcEpfV0EzN2tzZlhrdjB2bjlEM0FxMDNQYmtMS3Byb1pZNTBXSzhaUUttZmJFbk9KbXpYQQ?oc=5"" target=""_blank"">Samsung Galaxy S26 Ultra vs. Galaxy S24 Ultra: Foreseeing the future</a>&nbsp;&nbsp;<font color=""#6f6f6f"">Android Central</font>",2026-02-23T12:33:39.395596,1.0
fd6ec9dba80233154e11954345c7035f8545b0ae,Samsung S24,google_news,publisher,"Current Samsung Software Update Status: How long will your Galaxy device get One UI updates? - Sammy Fans <a href=""https://news.google.com/rss/articles/CBMid0FVX3lxTE82UGtWNVJvb2I4Wlh3ajhXR0d5MnpvbVd3RmZVeVdnbklESktfTVpPZjhVV3FMWkZGd1B1ckgyTXM2THBZblpGY01DS1JXNTBGelM1LTJWaS1lZTlUWlV2dTMtbUM1cVd1bVotSGcySy1haHZ6cHNN0gF8QVVfeXFMUDJ3RXR6RWV6cGZXTzIyMUJ6X3h2WmVaemUzZW5HZThBWmdBWnB0QXZ2bHlkWUU3VHIzbTU1UTNCbzVzNzJZMDVOSEdQRzUtR1J4azdZZ3FFVU8zUDNGNk12dVoxQ1FTaXN4MUh6b3M0dG5wdldVRlg1OTFrQg?oc=5"" target=""_blank"">Current Samsung Software Update Status: How long will your Galaxy device get One UI updates?</a>&nbsp;&nbsp;<font color=""#6f6f6f"">Sammy Fans</font>",2026-02-23T12:33:39.395596,1.0
73ef6f8d34c33a21761fab301c43772e22d818d4,Samsung S24,google_news,publisher,"Samsung Galaxy S24 Tested: AI Upgrades You’ll Actually Use - AD HOC NEWS <a href=""https://news.google.com/rss/articles/CBMitwFBVV95cUxPR0J2dExTT0JPbmVBTkctS2ZQWU14VXh6VG4zNkpRWW85UHNMTTN6ODBIUG4tNjZxbjh3OWxOZEhZU0dvdW1ZM0NlMmozZU1NM29MLUtPM0tNTVJ1bzJuYWdfUkNZRWJPTzMxYndBUElETFBOOGR4bHBjQ08xVDdZa0c3MGluZ0VPSnJ1TUdaUjVrRzNobEpKSTNuc3Rjc2puNVJWemVUcHhTeWhocmttU0NDQi1MWFE?oc=5"" target=""_blank"">Samsung Galaxy S24 Tested: AI Upgrades You’ll Actually Use</a>&nbsp;&nbsp;<font color=""#6f6f6f"">AD HOC NEWS</font>",2026-02-23T12:33:39.396594,1.0
1031258fc648d1ef2c6425529e33e844f40a159f,Samsung S24,google_news,publisher,"Samsung Galaxy S26 vs Galaxy S24: Two generations apart - PhoneArena <a href=""https://news.google.com/rss/articles/CBMif0FVX3lxTFBhTEJkYS03R090N0xmWE50bTBHODVueGUtUW5PRmpLV1NWZXhVNnlZam1NR1Noa1ZEdWFoeFVuR2Z5UHB0QzRTNzFLVlFUZzhiTW5sY2ZZSlJTLTVMejAzWWZNRy1ySUxSajZIWnBBRVE4NEtneEd5YnRRUThrd00?oc=5"" target=""_blank"">Samsung Galaxy S26 vs Galaxy S24: Two generations apart</a>&nbsp;&nbsp;<font color=""#6f6f6f"">PhoneArena</font>",2026-02-23T12:33:39.396594,1.0
68e3dc5102f644f13524aa6e7eaf889367f978a4,Samsung S24,google_news,publisher,"Samsung Issues Critical Update For Most Galaxy S24 And S23 Owners - Forbes <a href=""https://news.google.com/rss/articles/CBMiuAFBVV95cUxOMHhMOEU2eVNnSkpMTHR6R0RqSnphbXVmQm82ZE85ZklLUTg0OG1Gd2M2bUtHWEtUcFREU3YyalFHeldTbG5IWlJZVlBacUpSUmU3ZnN5TDRQS1pfYXNSbDNzYmJXcklnSzhGZTJSdDV6ZWxrUGMtQnk4bm9iSU4xb2kxZnFjNG1uSE4zRjljczAxb1RMX3NZckZCRFJad0phdXV1R2k4Ty0wZTJHRXQ2MmdUbUNkd1Jh?oc=5"" target=""_blank"">Samsung Issues Critical Update For Most Galaxy S24 And S23 Owners</a>&nbsp;&nbsp;<font color=""#6f6f6f"">Forbes</font>",2026-02-23T12:33:39.396594,1.0
92500dd05d1019eca0de17819ea59f1bb556838d,Samsung S24,google_news,publisher,"Samsung Galaxy S26 vs. Galaxy S24: Will be finally be time to upgrade? - Android Central <a href=""https://news.google.com/rss/articles/CBMiekFVX3lxTE1RSXJrMTZrdVpZVU9WZkhTTjZMV0JUM21GaVVsSm96T2dhR1gyTFp3UGdNQ0EzdXM5bzZLdzlpWHFxV3M5d0VEcHdkSVVyZWpCN3hPRXJFbzhIcl9fclZwLW9TZVZyM1hpOTV2Sk5YNm01Tk92U1lRZDJR?oc=5"" target=""_blank"">Samsung Galaxy S26 vs. Galaxy S24: Will be finally be time to upgrade?</a>&nbsp;&nbsp;<font color=""#6f6f6f"">Android Central</font>",2026-02-23T12:33:39.396594,1.0
ef3b93382184231a6e1be4994689c0963b2026a4,Samsung S24,google_news,publisher,"Samsung is pausing the Galaxy S24's One UI 8 update - Android Police <a href=""https://news.google.com/rss/articles/CBMiiwFBVV95cUxNMmtpVUczbmVjT05JQUNKQzlOV1VlVHpOTWtoY3prOUxMR0JWVkRVVWhMd05oVWx5Vl9Xc1hqeVJ1Zm42azlCTG5sQVVqVUJoUnVWd0RjRmdDczRtak92a1NqTTRHNDNwUndsOGhKZ3UxYzBmX1A2OGhDNW1HNG9vbk5BUkdycUhCdkNN?oc=5"" target=""_blank"">Samsung is pausing the Galaxy S24's One UI 8 update</a>&nbsp;&nbsp;<font color=""#6f6f6f"">Android Police</font>",2026-02-23T12:33:39.396594,1.0
d9e34e5a30e00ce5ded075a28e5573102bea3229,Samsung S24,google_news,publisher,"Samsung Galaxy S25 Ultra vs Samsung Galaxy S24 Ultra: do photographers need to upgrade their flagship smartphone? - Amateur Photographer <a href=""https://news.google.com/rss/articles/CBMi7wFBVV95cUxOMFQ5LVh6dFFFRVNnUm5Jb3RHbXBLZTdCMGQwazVHNkhCMmZ5bmk4Z0lyM2gwcUd4eXVxTndVOTFMTWFsdjViX0NOTHlTSk9LOWZtejVlUmFaV0tWN1JRa1pHVEt0b3BGYUlQdk5BNjlGQ0pubFZOc3RJYnpTcXR6cW5xUEpvVHFta29iVDVfdnhISWZpajJxZW1Nbnc0M0F6TXFZTndmSzFtUzVnbzFNOWlXcmpKRkdac0pVYVhBVERHeXlNZ1RtM1pJd3ZjekJ3b3hCZmk1Mmd0YUpDZ1k2bm9sRncyMmlEbVhSNk9uYw?oc=5"" target=""_blank"">Samsung Galaxy S25 Ultra vs Samsung Galaxy S24 Ultra: do photographers need to upgrade their flagship smartphone?</a>&nbsp;&nbsp;<font color=""#6f6f6f"">Amateur Photographer</font>",2026-02-23T12:33:39.396594,1.0
c5d99e9f99b7f8a9a1b86644dd4e325169d19477,Samsung S24,google_news,publisher,"This steep discount brings Samsung's Galaxy S24 FE to a price that finally feels right - Android Police <a href=""https://news.google.com/rss/articles/CBMibkFVX3lxTE00dHhFNEZ6c3lzY3BzWFhyYUx2TFVzYllhMEhMeklCODFMVnREM2ttclFKTkZncUkyUnM0bkFxN2J1SVc5NmFWSVVhMUxMWHJsZG9lRHpjTGF2Y1N0bkFMQkxMWmhXWmdnMnVrbTRR?oc=5"" target=""_blank"">This steep discount brings Samsung's Galaxy S24 FE to a price that finally feels right</a>&nbsp;&nbsp;<font color=""#6f6f6f"">Android Police</font>",2026-02-23T12:33:39.396594,1.0
3894357d7a7686b35333d9085999fd27ecea3a61,Samsung S24,google_news,publisher,"5 reasons I’d buy a Samsung Galaxy S24 FE right now - Android Police <a href=""https://news.google.com/rss/articles/CBMidkFVX3lxTFBTVnJBMndDMV9QUjhhYkRXc21RN2p5bmNJNjVybG4zeThvU1FWaUdvN3N5WFdDOXRyR0F5VGtMR1M3M2hWUGNMUTRtRmlQVmhRSndmRG1RUEdIaFczSW9lVDZaLXVUajdIbmpoQ2FSU0tfRlJvWkE?oc=5"" target=""_blank"">5 reasons I’d buy a Samsung Galaxy S24 FE right now</a>&nbsp;&nbsp;<font color=""#6f6f6f"">Android Police</font>",2026-02-23T12:33:39.396594,1.0
a06e22a26241c30a5d8867786f232b306c8871a1,Samsung S24,google_news,publisher,"The best Samsung phone you can buy for under $700 isn't the one you think - Android Police <a href=""https://news.google.com/rss/articles/CBMidEFVX3lxTE1VN0I4MnowVE44Q3FTWmNsVHRhRUpkMjhWX25yX1lhSW9oSmwtNFk5UmFud2JVT0hPdXZqenI1RDdpQnVkMUlMd3BfM0FUdzd3OEVXOVh3cUk5VHFCY21TQktoSlhfeHlVdVlaMlpBSElDU3A4?oc=5"" target=""_blank"">The best Samsung phone you can buy for under $700 isn't the one you think</a>&nbsp;&nbsp;<font color=""#6f6f6f"">Android Police</font>",2026-02-23T12:33:39.396594,1.0
852ba4ddc9b240ed19a56393a1525c06affe437d,Samsung S24,google_news,publisher,"5 reasons I’d buy a Samsung Galaxy S24 Ultra right now - Android Police <a href=""https://news.google.com/rss/articles/CBMiekFVX3lxTE5XUUE1ZXRXbzJUblpFZXVFX1YzejdOQnFuVUdzdXFZbE9UZE95REF0ZFlDb004eWpGOGRlV1RZQ0VkSHNfaEJtZnk5QVhZRi1SZ2U1cFFjTTRhZ20xMWp1MThicUN2cW1GdGRXRjBFNTh2ai1NMlpiS1dn?oc=5"" target=""_blank"">5 reasons I’d buy a Samsung Galaxy S24 Ultra right now</a>&nbsp;&nbsp;<font color=""#6f6f6f"">Android Police</font>",2026-02-23T12:33:39.396594,1.0
389c00fde0b0169c7b10921427dd829a4c87c910,Samsung S24,google_news,publisher,"I said the Samsung Galaxy S24 FE is best on a deal, and here’s an excellent one - Android Police <a href=""https://news.google.com/rss/articles/CBMidkFVX3lxTE14QjlnTnExZG1nVWlVc1Z0V0dNejIteFdyX09hTUltX3BEMTFpQzFlX1pXUEJiUjVYRnNtNnhfc1o3cy0yNHNPX1pnSFBFNWFrLS1OQXBOQlRYbS1NaFFEd1ZfZFNzM1VUandyTFBCVlF5Mm5IREE?oc=5"" target=""_blank"">I said the Samsung Galaxy S24 FE is best on a deal, and here’s an excellent one</a>&nbsp;&nbsp;<font color=""#6f6f6f"">Android Police</font>",2026-02-23T12:33:39.396594,1.0
abe180a833b16891b4368fad4b9b52ffad985a6f,Samsung S24,google_news,publisher,"I skipped the Samsung Galaxy S24 FE at launch, but this Prime Day deal brought me back - Android Police <a href=""https://news.google.com/rss/articles/CBMidkFVX3lxTFBkeVZnTHlaSVp0X2Jybm1PTEQ1Zy1Vb05BTDRuWUJNZ1FiRnJHZVpvLS15QXRiWHlYMmZuZ1Z3VXkxcUZvdEt4LUpMLU5GVVI0dVE1ZmVpTEhfSV9EdTh5NGpQb25US3Bjd0xXaTVHajNEXzBrM3c?oc=5"" target=""_blank"">I skipped the Samsung Galaxy S24 FE at launch, but this Prime Day deal brought me back</a>&nbsp;&nbsp;<font color=""#6f6f6f"">Android Police</font>",2026-02-23T12:33:39.396594,1.0
e2965a4d273ef570d2b425299c77454997262c6b,Samsung S24,google_news,publisher,"Samsung Galaxy S25 Plus vs Galaxy S24 Plus: A minor upgrade if we've seen one - PhoneArena <a href=""https://news.google.com/rss/articles/CBMiggFBVV95cUxQektSN3BSUTRjcjNwLVdnY0JKQks4cWEtZFFQa0V3dHI1eVhqU2kwTTZZVnBUX0J4WlFZVmNjZUFTY0p2QjdBNlpST1o0OG5WQlNFTXVFVnl2TWtkLWdkdC1iWWk0cTBXWWJfVEFQeGpGYVJmTFVCVEJGM0I5S1VMcWhB?oc=5"" target=""_blank"">Samsung Galaxy S25 Plus vs Galaxy S24 Plus: A minor upgrade if we've seen one</a>&nbsp;&nbsp;<font color=""#6f6f6f"">PhoneArena</font>",2026-02-23T12:33:39.396594,1.0
d48f38fa81398cc46fe4c628b9f1cb0ee396dd47,Samsung S24,google_news,publisher,"One UI 7 on my Samsung Galaxy S24 Ultra makes my Galaxy S25 Ultra redundant - Android Police <a href=""https://news.google.com/rss/articles/CBMiZ0FVX3lxTE1aOHU3cjNPTHpLZFVfWXhTUkZOaHNfeV9hdFlZQmFoZHY3d0hmWlkybTBWMmNLNTR6dXIwNnd0VkllRU9kNWllVE5hWUlXTG1nV29qLVVGdGhyMUJybGFXc2xsTU5kQU0?oc=5"" target=""_blank"">One UI 7 on my Samsung Galaxy S24 Ultra makes my Galaxy S25 Ultra redundant</a>&nbsp;&nbsp;<font color=""#6f6f6f"">Android Police</font>",2026-02-23T12:33:39.396594,1.0
b25d18e66fd9619e03fbe0c730d9f2fb959b4a53,Samsung S24,google_news,publisher,"Samsung Galaxy S25 Ultra vs Galaxy S24 Ultra: do we need a refresh? - PhoneArena <a href=""https://news.google.com/rss/articles/CBMijwFBVV95cUxNYUFnVnZ2MFNsTHhFM3BLMXRNYURCR3JWdzUzeWh5MWxMQ3lHQnl1VEJ6eXlWdkNQYUxvSWhscTVBbmlIX05kV01icnpObEtpVmxOcldsc3NoMk9ZMWwxOEFEQ2lIVmstZzhTWGc3NzVXX3NTTGRjSGNDVllueXdORVB5N3hNQ1F6Z3UyZkE1RQ?oc=5"" target=""_blank"">Samsung Galaxy S25 Ultra vs Galaxy S24 Ultra: do we need a refresh?</a>&nbsp;&nbsp;<font color=""#6f6f6f"">PhoneArena</font>",2026-02-23T12:33:39.396594,1.0
6a20ac1649f65848103ddda43e49811037107fe3,Samsung S24,google_news,publisher,"Android 16 coming to Samsung Galaxy S24 soon – there's just one thing you need to do first - T3 <a href=""https://news.google.com/rss/articles/CBMiiwFBVV95cUxPOW4wREhEU0ZUUVdpeGlxNjFlWi0zUEhRancyWEhaaGJUS28zZm9rVlVLSXlaczhLX29jbUNQVmZJRU9TNlBQbGs5ZkMxNVlydEZSWktRWFZvRThyZHNJR1pMSGliVVUta0trd3FhQWdrWktWVDgyN0lqaDk0emV1ZWJDcTg0QTFMRm5r?oc=5"" target=""_blank"">Android 16 coming to Samsung Galaxy S24 soon – there's just one thing you need to do first</a>&nbsp;&nbsp;<font color=""#6f6f6f"">T3</font>",2026-02-23T12:33:39.396594,1.0
3f582e78f8d4462c4db15bccaabd4c3dbee40661,Samsung S24,google_news,publisher,"The Samsung Galaxy S24 FE made a fan out of me — and I think you should buy it over the Galaxy S24 - Android Authority <a href=""https://news.google.com/rss/articles/CBMiekFVX3lxTFAyalVrdGN2RW9XdkZqd0xPX3ljM05wX3FnWDZxaVJhTzlfUWtxWXNuVE1tRHU1aTBJRS1LeFBJNE1CT1d1WVZxNXlyVGNIV2FGM3Nvb1RtV1N2MnlZOXVDRWtRZ3RBQjYxUDVQMnA2SDJUQ2stMkM5QWhB?oc=5"" target=""_blank"">The Samsung Galaxy S24 FE made a fan out of me — and I think you should buy it over the Galaxy S24</a>&nbsp;&nbsp;<font color=""#6f6f6f"">Android Authority</font>",2026-02-23T12:33:39.396594,1.0
9021e617edf3008464a5dcc95b3e6df33199e8cc,Samsung S24,google_news,publisher,"Top affordable premium phones under Rs 50,000: Samsung Galaxy S24, Google Pixel 9a, OnePlus 15R and more - The Times of India <a href=""https://news.google.com/rss/articles/CBMilAJBVV95cUxObDNuTzNaTEo2YjBhVGZkeFBJSjZJUEJXVjZVeFFxcG9jQUlVY2VpMnNMRmNISVdsTHFQUngtRllHaXFpaFhCMm5ZdzlWUm1GRWVRZW5GSThRYU1CamJfNUNnYU5iQUs5dFNlT2JyY0FJR283SkFwTkZLQzM1U2h3T3Z2S3JKYTJQUjhlTk5LYzFCRmliUlg4NVViV0RDbkRORl9aMVNoTTFRLTJadkN4VFBfRE5QRzB1V3pXYk4wbEJFcHdiRXpJWnY3VkFJVElTNnU1ZkJkZ2FSQjBPM2FjMnBsbjNsYWtTWmpMVmIxYWxQZE11SXpqM2ZWSUNKeGpPT3hJRC1QWDhpZnhwWmZpMUNrM3rSAZoCQVVfeXFMTjRIeXpzZTM0UVpHMF9yX0JrdldqU1dWUWRSdnQwNTNvWU1WcllxTDBLQjEwQUtFaGk3Q2RWTVlOMDl5bkV2Z3VZVkotRjhvd2x3ZnhVc0tjeDVTVmp1ckszRm8zWk9IcXA3Qko2U1NnZDladE5pRFJSYmV5TFhHUk9WMk5HNDVGNm4zeG84TDh4anR0YkJEcDFrb0JyMTdWdWdmaV95WFNFWnhiSVhEU1BGQnhfSkppR3hBeEI1V2pOcjdwNUoySG9Cazc3Z1RWRzlpeF9GcUJRUGkyQ2t3RXRzYjhVblR0WGc4aXZ0LXYyRmNDMWhPN1RoYm5adGM5dE1lRko2cmNqYlZscUd0Y0ZTRmdBYzRHZ0ln?oc=5"" target=""_blank"">Top affordable premium phones under Rs 50,000: Samsung Galaxy S24, Google Pixel 9a, OnePlus 15R and more</a>&nbsp;&nbsp;<font color=""#6f6f6f"">The Times of India</font>",2026-02-23T12:33:39.396594,1.0
db47bef7843b1cad5eadda2e8df4c0a3693a2924,Samsung S24,google_news,publisher,"I don't think the Samsung Galaxy S24 FE is worth $600, but I'd absolutely buy it for $100 - Android Police <a href=""https://news.google.com/rss/articles/CBMicEFVX3lxTFBaSDc2TnNwcTZHV3B5a05DcHJzcWtBZzE2WkMweV9RRGxQNXZlTUVVVm9xMVVjWWdVektZRkw4V1VreFV6eG0wMVpuZGhKSkdpSVdqN1hPT1RTRkRIRVQzVmVzZkFGY3pyTl9xOTFrZjg?oc=5"" target=""_blank"">I don't think the Samsung Galaxy S24 FE is worth $600, but I'd absolutely buy it for $100</a>&nbsp;&nbsp;<font color=""#6f6f6f"">Android Police</font>",2026-02-23T12:33:39.396594,1.0
69c222ea80da28dc326ef7d5685f8141b481ce41,OnePlus 12,google_news,publisher,"The OnePlus 12 is still a powerhouse phone in 2025 - and it's on sale for $300 off - ZDNET <a href=""https://news.google.com/rss/articles/CBMirgFBVV95cUxOblVPVy0xUzZqalNTcjVDeUx4YnFvZ1FJV3o3ei1ua0pjYTlVZ1NEWmZzMm43cV8wdkV5QUQ5d1hXeE5kdm96VVY5RTFsY3h6S2lWVTNCM1l1cFQ5Y2plcGwtaGVhcGZOby1OMEtDNnEtSlp5NVhERjhpa3JOTlVMVjlQZGFJeGZteDRGek5PRlUtNVVpMnV2dERjQ19ON1ZRSjdXMDF2Sy1NVUNnc1E?oc=5"" target=""_blank"">The OnePlus 12 is still a powerhouse phone in 2025 - and it's on sale for $300 off</a>&nbsp;&nbsp;<font color=""#6f6f6f"">ZDNET</font>",2026-02-23T12:33:43.494282,1.0
247b90cde572f3c272239b36c09e984b2373cda8,OnePlus 12,google_news,publisher,"OnePlus 15 vs. OnePlus 12: Is it already time to upgrade? - Android Central <a href=""https://news.google.com/rss/articles/CBMiekFVX3lxTE5lWVVBczZDSGplM2RaNndkaTdrREVlODRJVzFJTzlwZm91TzEwekFUTDJBcnF5UGtKazNFZE8tVnhjRWVBRVhvSGlIMHNGRUtOQXZEck5ORFRKT25MaTE3NGhweThibll5ZVNxOThZVGpVYTNlbFIzYTl3?oc=5"" target=""_blank"">OnePlus 15 vs. OnePlus 12: Is it already time to upgrade?</a>&nbsp;&nbsp;<font color=""#6f6f6f"">Android Central</font>",2026-02-23T12:33:43.494282,1.0
8225b3caeaff1a1512436d538d5f73e4c8e33426,OnePlus 12,google_news,publisher,"OnePlus 12’s Big OxygenOS 16 Update Is Here — Android 16 Inside - Android Headlines <a href=""https://news.google.com/rss/articles/CBMiqgFBVV95cUxOWm1iWGU2X0pad0VOTHIxdjFtWm0yVmdCRWduTEs4a3VRazJCcXExamJBWG40bmtmS0ZQWDctVDVtVGhQWTlJMUdWZ3dRUzBQeW9NWjhDMFVSaXhUb25OX3VXakMtQUpfWWpXcXYxLVNNajlDcWxHZkJlSGhzc2E5cjZsdENvNzlacVZJMU5MVGFaUTNYQTlYYzBld2ZUWXFWdlVGODhpa3ZEQQ?oc=5"" target=""_blank"">OnePlus 12’s Big OxygenOS 16 Update Is Here — Android 16 Inside</a>&nbsp;&nbsp;<font color=""#6f6f6f"">Android Headlines</font>",2026-02-23T12:33:43.494282,1.0
9f77a90c65fa7d2b2b0ab881dbfe0db1ee3ee2a5,OnePlus 12,google_news,publisher,"OnePlus 15 vs OnePlus 12: Time to step into the future - PhoneArena <a href=""https://news.google.com/rss/articles/CBMidEFVX3lxTE9HVjZFNE9lbDhfb2tzczA4NDhsckNyUktRYzFWVXJvY0Nrdkp4M2hPSTMxcnhxN1ZjSFpEU2NkQ3Zxa1czY3FTRS16TmVGNkttMUF6MC1EcHdxWG5QQmMzRmlBQVdUOGxlS3RCbGZING5YZ3J5?oc=5"" target=""_blank"">OnePlus 15 vs OnePlus 12: Time to step into the future</a>&nbsp;&nbsp;<font color=""#6f6f6f"">PhoneArena</font>",2026-02-23T12:33:43.494282,1.0
769e39485a2d9803177bab209fab74b110ea099e,OnePlus 12,google_news,publisher,"This OnePlus 12 Update Might Be the Fastest Yet - nextpit.com <a href=""https://news.google.com/rss/articles/CBMilwFBVV95cUxPaVRMdE5HU0xuVlkyZE53YndTRWI4WmJVM2RhemdhYktVUEVVWmlvdjhNRURCVXh2QS1Wc25NMjJrVER3bEdPR0ltNFh5TVRyNGk4UFB6WG1LN1p2MGF2VVJtV1JwYTEzY2NtMDlMMkNabTJSZkFrdEtmelRzWmNMcm5jWVdNZjcyTXNYOXotTEZJMmlHUnRR0gGcAUFVX3lxTE4tZ3hWMXBlaTZqUnYwOUxhYmN2bUZwSURqeHpCVlZrOFV2c1RtTDEtdFdOeGtqdUY2bTBxRFdVem5UYlBxTFBGSVVBWS1SNUQxRFpfQW5wQXhPdk9EeU84Nm40UEhVb0RFUXpqUFA2c0NGYUNlZ21Wd1J4RlNWa3FFWWlhdWc5NVBNa0xLLWQ1eTFrR1BwT3JNTkVXTg?oc=5"" target=""_blank"">This OnePlus 12 Update Might Be the Fastest Yet</a>&nbsp;&nbsp;<font color=""#6f6f6f"">nextpit.com</font>",2026-02-23T12:33:43.494282,1.0
43dfb6484271f5a0dd2e2cd73cf8233c262d129a,OnePlus 12,google_news,publisher,"OnePlus 12 gains official LineageOS support - 9to5Google <a href=""https://news.google.com/rss/articles/CBMihAFBVV95cUxNbUcta2dfZlVLYWRnQnZuck5VTGhVVjNmZDJjMVdmYUt0X0ZXUGRlRFhHUXVCNEozeGxFU2pxelp5M3N1QTFIMnFZUHU3Xy1hd2NWd1licUxsQ1ZiNmdUYUg3ZHRrOFdELVlMeWJ2ZjdMY1pfUnNrNHlfdEcxeWxDOURRMjM?oc=5"" target=""_blank"">OnePlus 12 gains official LineageOS support</a>&nbsp;&nbsp;<font color=""#6f6f6f"">9to5Google</font>",2026-02-23T12:33:43.494282,1.0
d84a138341d561fad6cf5ecb43425df4225a9563,OnePlus 12,google_news,publisher,"OnePlus 12 price drops to lowest - India Today <a href=""https://news.google.com/rss/articles/CBMipgFBVV95cUxObmJpSk5NVW1zQUFHbG80TTBjNkpFUC1DRHVtbTRkX3VKb0VhazlmdFlyVkJzWmNkWjhsWlQ1QnVsazRXX09vMGZ6blVlSmRIQl90OHNBZ2ZoXzFhNHlWOU9NOW1GVmxRN1lQMkYtY0MtdVlvVmhZRmdrU1hCTFd3SU5obHZHRE9IRXExS1JGYlBJZTE0b0xIMFItdmRTSHUtZHZvU3J30gGmAUFVX3lxTE5uYmlKTk1VbXNBQUdsbzRNMGM2SkVQLUNEdW1tNGRfdUpvRWFrOWZ0WXJWQnNaY2RaOGxaVDVCdWxrNFdfT28wZnpuVWVKZEhCX3Q4c0FnZmhfMWE0eVY5T005bUZWbFE3WVAyRi1jQy11WW9WaFlGZ2tTWEJMV3dJTmhsdkdET0hFcTFLUkZiUEllMTRvTEgwUi12ZFNIdS1kdm9Tcnc?oc=5"" target=""_blank"">OnePlus 12 price drops to lowest</a>&nbsp;&nbsp;<font color=""#6f6f6f"">India Today</font>",2026-02-23T12:33:43.494282,1.0
f59974947d2a4f0cbcf1a954ebd53dd8377e56ab,OnePlus 12,google_news,publisher,"The OnePlus 12 is still on sale for $300 off - but time is running out - ZDNET <a href=""https://news.google.com/rss/articles/CBMinwFBVV95cUxPMjdhYjg5Ul9WYUpxTmpoNUpRcmNxSWFuMzdOS25vcXpLTG02YzJ4SXc3azhwZG80YVVSclJpUnZBbWlKWllHMGd5Q2stNlMxWk5NWFpJS0hDQXpnOWt0cTNFanhhTS1rb1ZkX05MUWxEZ0xwUHhlTDk0ZC15VnZLeWJuUkg0QnZ3MlRYcnhUaWYzOFZzV1pyMzduSWxTZzQ?oc=5"" target=""_blank"">The OnePlus 12 is still on sale for $300 off - but time is running out</a>&nbsp;&nbsp;<font color=""#6f6f6f"">ZDNET</font>",2026-02-23T12:33:43.494282,1.0
b7c341506fb9fb10db5e25834d8e5e65d9b9e133,OnePlus 12,google_news,publisher,"If you've got a OnePlus 12, your OxygenOS 16 update is on the way - Android Central <a href=""https://news.google.com/rss/articles/CBMiwAFBVV95cUxOZlhoejZENzlPbTZjamFxMjZUVk9yM0U3VUhudzRuRUNvekxibTFOcTY5MURHQlpwelZ3U2hzZmR2cFhybjJTNi1ZYmVMX2l2NXRrV000R1FtaVBUTWNjbDByUVFldnFxMGJWX1Z4bE1Tb0FKUC1tWEdxWmJMMDF6Sm03Q182VFVHN0dvUFpReHZ1Nm1yb1pjTFRXUW4wd25IeGVYeGhya1FPWEVFSE02dndfZHNBR2hoeXNBUlJhUTg?oc=5"" target=""_blank"">If you've got a OnePlus 12, your OxygenOS 16 update is on the way</a>&nbsp;&nbsp;<font color=""#6f6f6f"">Android Central</font>",2026-02-23T12:33:43.494282,1.0
0dec2746fce31651662b021814746bb37e202a5b,OnePlus 12,google_news,publisher,"Aiming to regain its flagship status, the OnePlus 12 is now selling for up to $350 off - PhoneArena <a href=""https://news.google.com/rss/articles/CBMifEFVX3lxTE1odVFzazAzYi01SDdvWjRlckxCeVpaaWk0SF96YnZHZnozM3FMQXdjOXVnMVc2aG1CODN0YkFfVFJJN3YzMlROZy1GVERLVUJKWGlvUEdGby1Cc2JNRURiWVNSOTAyTlQxc19CSVlzNkFxb1Nfd0dhYWxxYmQ?oc=5"" target=""_blank"">Aiming to regain its flagship status, the OnePlus 12 is now selling for up to $350 off</a>&nbsp;&nbsp;<font color=""#6f6f6f"">PhoneArena</font>",2026-02-23T12:33:43.494282,1.0
e6be08a19d1491eb3909c53a1d866d4438730318,OnePlus 12,google_news,publisher,"OnePlus 12 price cut by Rs 18,000 - India Today <a href=""https://news.google.com/rss/articles/CBMiowFBVV95cUxQRXF3WWQ1bXVEMXdBd0ptS3AzWTB4MGlQVGl5T0dzbHI4Y3NzZlRuRUs3REZmU1hILTNSX0l3RXJnNkFJdEgwWlJvSWMwQWxncGgwUTJQSkJaU3l1dnJZZjl3S1B6M3RsMWdELXF2eFBEMGhYbExHdFNKYkd0cm9VeVBVSndiSlVFWHFDMDRZcWRoaWlSYUoxYjQ3UGo5b0VQa1dn0gGjAUFVX3lxTFBFcXdZZDVtdUQxd0F3Sm1LcDNZMHgwaVBUaXlPR3Nscjhjc3NmVG5FSzdERmZTWEgtM1JfSXdFcmc2QUl0SDBaUm9JYzBBbGdwaDBRMlBKQlpTeXV2cllmOXdLUHozdGwxZ0QtcXZ4UEQwaFhsTEd0U0piR3Ryb1V5UFVKd2JKVUVYcUMwNFlxZGhpaVJhSjFiNDdQajlvRVBrV2c?oc=5"" target=""_blank"">OnePlus 12 price cut by Rs 18,000</a>&nbsp;&nbsp;<font color=""#6f6f6f"">India Today</font>",2026-02-23T12:33:43.494282,1.0
d4ff0da484d02e20e6d726b8a91d7747b17b416c,OnePlus 12,google_news,publisher,"This improved OnePlus 12 deal at the official store should definitely be on your radar - PhoneArena <a href=""https://news.google.com/rss/articles/CBMiiAFBVV95cUxPMjBFMmNncG16QlJoaHkzOEhCTzN3T2V5cHl1TkZvRThkX214TGtZdmtHS1dMM2o4M2pVQnJMNDRKVE9HVXlnUkpaeWluOTgtUU1lNjRNSEJ5LXFRYnFtMGxoTTRwMG5vR3lYa3pPbUt1enZBbGhpOFhnNjZLTzVjN0JWMkxoc2la?oc=5"" target=""_blank"">This improved OnePlus 12 deal at the official store should definitely be on your radar</a>&nbsp;&nbsp;<font color=""#6f6f6f"">PhoneArena</font>",2026-02-23T12:33:43.494282,1.0
4e6d2d6916e614f828c6c488b6771123b5fec887,OnePlus 12,google_news,publisher,"New OnePlus 12 Update Delivers a Speed Boost & Cool New Tricks - Android Headlines <a href=""https://news.google.com/rss/articles/CBMiqgFBVV95cUxNQnIyUFZYWkRpaDI0T0JkX1dSd1ZvbkktTDE3TklraDFNOV9KQjhJSkxzMW13YXRkSkFSTVFNN0drUlVZc0dJamFUNW9ORk4wakJRWlNpcEJNN2pjSThFQWNTU3VlYVpSa0hkZGZDc3JsR21LSTRDc1FfbHBjY0xleGd2cDhUSE53aVVqLUE1UWRWMjNRWU01clREdFFpa214MXRQMU1MNDh6Zw?oc=5"" target=""_blank"">New OnePlus 12 Update Delivers a Speed Boost & Cool New Tricks</a>&nbsp;&nbsp;<font color=""#6f6f6f"">Android Headlines</font>",2026-02-23T12:33:43.494282,1.0
c55d05da110b1e02f385b15ec0bd584a23116376,OnePlus 12,google_news,publisher,"OnePlus 12 drops to bargain price after $350 discount at the official store - PhoneArena <a href=""https://news.google.com/rss/articles/CBMijAFBVV95cUxPN0ltcW8xV01FOFRNUXZvaDYwNDhGQ3BhUkJwTzBoZ0oxckwteU12N2t0NUpwR3R3LWx0TFNGNXF0Y0VXWHVHWmxTeXVmUTZtbGFfd29jU1g2Nm8yYVlVM0NPN2tQdjN1Zm9BS2ZDemRQcHh3aGdBRm1VcGZXOGsyUmp3UG9FYU14bndIRg?oc=5"" target=""_blank"">OnePlus 12 drops to bargain price after $350 discount at the official store</a>&nbsp;&nbsp;<font color=""#6f6f6f"">PhoneArena</font>",2026-02-23T12:33:43.494282,1.0
b960063d2a866630bd58f8fb398a72da541a2f50,OnePlus 12,google_news,publisher,"Enjoy top-tier performance with the OnePlus 12 and save up to $250 - PhoneArena <a href=""https://news.google.com/rss/articles/CBMic0FVX3lxTE1vcERyNjFmenVieEJyS0FpZGUtY3NUXzAwVjNCMGhxQUtZMDdpVEs5N05PWUU5STR3QWRYa0ZYZ1NYeE1QWUNFQl9DcUFKTEZwUTFfNkFuNmpHV2tPMlFwVWl5MGp3bS04WThCbTE4OGZTUFk?oc=5"" target=""_blank"">Enjoy top-tier performance with the OnePlus 12 and save up to $250</a>&nbsp;&nbsp;<font color=""#6f6f6f"">PhoneArena</font>",2026-02-23T12:33:43.494282,1.0
581bcbd729486ffa3da106d97e1bacfd9ce34d8e,OnePlus 12,google_news,publisher,"Forget the OnePlus 13 — grab the 512GB OnePlus 12 for $150 off with this generous offer - PhoneArena <a href=""https://news.google.com/rss/articles/CBMijAFBVV95cUxPN2o4R1BqNk9rNFMwdjVrTlpiNTNPUWhndlJMUHhnaWttc05kVzZvRmlaNGVPRjFVcjhqTXBuX082VDFibnl0cjJrTE1ZT2VuOEVlS2NlNUNFeDBqLW9rN0h3YlVJSXlNTWNwdVZuVXBwajI2dEV6R3A5Tjh6Tk8yck9TeVNhNmxvNGhhWg?oc=5"" target=""_blank"">Forget the OnePlus 13 — grab the 512GB OnePlus 12 for $150 off with this generous offer</a>&nbsp;&nbsp;<font color=""#6f6f6f"">PhoneArena</font>",2026-02-23T12:33:43.494282,1.0
3601f8f4bffd0488d9258d18bd53c99bfafd42e0,OnePlus 12,google_news,publisher,"LineageOS Now Supports the OnePlus 12, Moto G Stylus 5G, and 8 More Phones - How-To Geek <a href=""https://news.google.com/rss/articles/CBMioAFBVV95cUxNWGhoMEN4NjV0eWluc09WaVFxcW9XQUxSMWlrX2tqM1NHUTBGRUdkNFoxaWk1clo1V0ZOSUVaYnhUazc5YkZlTjNGdzRHanU4dnVwLU42RmR4bmRmcjdhbzk0U3VXN0ZuVUp3Um5IdXNPUE5XT0dIQTVudktzZjRmSFFVMTNWY1ktVi05NFZjbkdzMGpPMXgwWTFsOEN2U1hM?oc=5"" target=""_blank"">LineageOS Now Supports the OnePlus 12, Moto G Stylus 5G, and 8 More Phones</a>&nbsp;&nbsp;<font color=""#6f6f6f"">How-To Geek</font>",2026-02-23T12:33:43.494282,1.0
a0967be28b3c91cd7f725d40e2348cef25b105b3,OnePlus 12,google_news,publisher,"The OnePlus 12 is back on sale at $250 off with any trade-ins at the official store - PhoneArena <a href=""https://news.google.com/rss/articles/CBMigAFBVV95cUxNb3ZscllINEwxamczVHBQTFZnbFphYzI1RTVvWk9lTVV1ZzFueGhyeWc1bkxXb0tnQXpaTTFJYWJmOHpha2hMTEJmRm1RYkVkREh3ZTB1WndYdzNNazIyQzNLdlJFVTF6S0VkN21MVzNiSkJjeXhuNTdlWjVHb1otVw?oc=5"" target=""_blank"">The OnePlus 12 is back on sale at $250 off with any trade-ins at the official store</a>&nbsp;&nbsp;<font color=""#6f6f6f"">PhoneArena</font>",2026-02-23T12:33:43.494282,1.0
45ccfd5c7db9210a73aaec0111b2d69390e93c93,OnePlus 12,google_news,publisher,"Phone Comparisons: Google Pixel 9 vs OnePlus 12 Specs - Android Headlines <a href=""https://news.google.com/rss/articles/CBMihgFBVV95cUxQdnpoZ0hfdWdGd3RDUkdrSXU2WFI1RUk0NWVCOXZnWDdLa1c0TDlwUGUwXy05SWFkQnU1YjZTU0t5Vi0wYXJkcnpobmlnTGdmQ2xBZUszZVhIWmo5RkFIcnd3cWJLekY5S2dvM1V2TTNJamcySkhySjdIMHNUZTlRMmlpdHF1dw?oc=5"" target=""_blank"">Phone Comparisons: Google Pixel 9 vs OnePlus 12 Specs</a>&nbsp;&nbsp;<font color=""#6f6f6f"">Android Headlines</font>",2026-02-23T12:33:43.494282,1.0
7a49a92a0a43d269c08f857bdab309e6f30de774,OnePlus 12,google_news,publisher,"iPhone 16 Pro Max vs OnePlus 12: Apple Intelligence versus Never Settle - PhoneArena <a href=""https://news.google.com/rss/articles/CBMifkFVX3lxTE11Y2wyaTliV0thQmdlR2k3eUt2NVlMTFl6REFDVEIwZFBoaVZ1NDM1WlZ6QVJSbEhNckNKWEo1UzhBbmJJSVRMaHFWeDQ4anB0NW5BQVhoaTZmdkkwYnZJZjFiMHJYanVkem5OZG5SNGxVUXoza0dyZ1ZyWk9jQQ?oc=5"" target=""_blank"">iPhone 16 Pro Max vs OnePlus 12: Apple Intelligence versus Never Settle</a>&nbsp;&nbsp;<font color=""#6f6f6f"">PhoneArena</font>",2026-02-23T12:33:43.494282,1.0
80179b47604cc2a178e1ad17937cab071b9ab7db,OnePlus 12,google_news,publisher,"OnePlus 15 offers improved battery health compared to OnePlus 13 but not the OnePlus 12 - Android Authority <a href=""https://news.google.com/rss/articles/CBMifkFVX3lxTFByZTNzdmhBOTdhdUZvYWlzd3l2NlczQ09WUWpVWThTdEdFUkJKS1k4X0d3dHhzQ0RLMnU1ZmJOSVZ5Wm9tSUUzVVVkc082bEhIS2ZyQkdKelM3UURmUldzbGpqU0dKaTlBMmc4WW5yLUdGb3JyUV9JcWpUdHB4QQ?oc=5"" target=""_blank"">OnePlus 15 offers improved battery health compared to OnePlus 13 but not the OnePlus 12</a>&nbsp;&nbsp;<font color=""#6f6f6f"">Android Authority</font>",2026-02-23T12:33:43.494282,1.0
fbabd6a0dc0b7b442bdda132a98170fb5b25919a,OnePlus 12,google_news,publisher,"OnePlus 12 update brings new features and fortifies security - Android Headlines <a href=""https://news.google.com/rss/articles/CBMinAFBVV95cUxQWFh3TU9XUVI3TFVTX29ZYVlBQnB0RDlfYW5qSUhUOGdLU0hKV041ZVRRa3JwUkJmZzExTmdmWU8xdElWM0xiaWZBczR0djdNQUVmNHpkYXF2SGw5UWkwU1R6LWVFcUp3SGtfN0VMOEppLWV0UU5rT1ZtamdMeERtMDNsdTJlb0I3eFB1RXBERDdVVm9OWGtENGhvU3o?oc=5"" target=""_blank"">OnePlus 12 update brings new features and fortifies security</a>&nbsp;&nbsp;<font color=""#6f6f6f"">Android Headlines</font>",2026-02-23T12:33:43.494282,1.0
597482f5a1bf9a12181172310a5fe3ff5c067b60,OnePlus 12,google_news,publisher,"OnePlus 12 vs Samsung Galaxy S24 Ultra: Android's finest in 2024 - PhoneArena <a href=""https://news.google.com/rss/articles/CBMihwFBVV95cUxNczZ4cEQ3c0xtaC1qRHctaExOTVhEc1pXdlJJM01BQmJzNEJsWW1FWllJYVh2T1U1WlBOS24tWWFaMy0yNmRxeURiclpib25ic2tCWFN5LXhvaW1HZnF5M2pvQzNYQ1RobFRaNG1nTy1oX0M1TkdseW5LX2tPZG1HQXlZY1haTDg?oc=5"" target=""_blank"">OnePlus 12 vs Samsung Galaxy S24 Ultra: Android's finest in 2024</a>&nbsp;&nbsp;<font color=""#6f6f6f"">PhoneArena</font>",2026-02-23T12:33:43.494282,1.0
15a3100cd3f6198559151f17e73ecbf55b2ab257,OnePlus 12,google_news,publisher,"OnePlus 12 Gets December 2025 Update with Neon Filter, XPAN Improvements, and Bug Fixes - Gizmochina <a href=""https://news.google.com/rss/articles/CBMijAFBVV95cUxNWnkteXd1NTViV2lKWVh3RjNNb2lSWnB1ZEdsanBzOVFHMFNFTER0dV9GMUhYc3ppYmNkbjFCWnMwZTBUWWJsdjhDSVRYcjJ6UlhkeGNzVnV2cmI3RmMtQXBISnVuWmE1eWRtaWFYZXcwS1g5c3ZMLWk5Yy1ILXZwWnlTRDBvNDNxbFE4Vg?oc=5"" target=""_blank"">OnePlus 12 Gets December 2025 Update with Neon Filter, XPAN Improvements, and Bug Fixes</a>&nbsp;&nbsp;<font color=""#6f6f6f"">Gizmochina</font>",2026-02-23T12:33:43.494282,1.0
